experiment,target,learning_rate,max_depth,n_estimators,source_log,source_commit,job_id
mfcc_top5,depresyon_skoru,0.0035181649271137667,8,429,/gpfs/projects/etur92/ozu150751/jad/shap_works/logs/mfcc_top5_47071651.out,0d53a434116f0670b8415cd08eb617f53736988e,47071651
mfcc_top10,depresyon_skoru,0.0059492414093469444,5,341,/gpfs/projects/etur92/ozu150751/jad/shap_works/logs/mfcc_top10_47071654.out,0d53a434116f0670b8415cd08eb617f53736988e,47071654
mfcc_top15,depresyon_skoru,0.012489249174122313,10,500,/gpfs/projects/etur92/ozu150751/jad/shap_works/logs/mfcc_top15_47071655.out,0d53a434116f0670b8415cd08eb617f53736988e,47071655
mfcc_all,depresyon_skoru,0.0030034776676733316,5,205,/gpfs/projects/etur92/ozu150751/jad/shap_works/logs/mfcc_all_47071656.out,0d53a434116f0670b8415cd08eb617f53736988e,47071656
egemaps_top5,depresyon_skoru,0.0028877930559880966,7,300,/gpfs/projects/etur92/ozu150751/jad/shap_works/logs/egemaps_top5_47071657.out,0d53a434116f0670b8415cd08eb617f53736988e,47071657
egemaps_top10,depresyon_skoru,0.02254563240735827,6,102,/gpfs/projects/etur92/ozu150751/jad/shap_works/logs/egemaps_top10_47071658.out,0d53a434116f0670b8415cd08eb617f53736988e,47071658
egemaps_top15,depresyon_skoru,0.005267784927872681,8,213,/gpfs/projects/etur92/ozu150751/jad/shap_works/logs/egemaps_top15_47071659.out,0d53a434116f0670b8415cd08eb617f53736988e,47071659
egemaps_all,depresyon_skoru,0.001012295194125308,10,103,/gpfs/projects/etur92/ozu150751/jad/shap_works/logs/egemaps_all_47071660.out,0d53a434116f0670b8415cd08eb617f53736988e,47071660
is09_top5,depresyon_skoru,0.08935909214975327,14,195,/gpfs/projects/etur92/ozu150751/jad/shap_works/logs/is09_top5_47071661.out,0d53a434116f0670b8415cd08eb617f53736988e,47071661
is09_top10,depresyon_skoru,0.04540059782609445,14,102,/gpfs/projects/etur92/ozu150751/jad/shap_works/logs/is09_top10_47071662.out,0d53a434116f0670b8415cd08eb617f53736988e,47071662
is09_top15,depresyon_skoru,0.015027102981266959,8,216,/gpfs/projects/etur92/ozu150751/jad/shap_works/logs/is09_top15_47071663.out,0d53a434116f0670b8415cd08eb617f53736988e,47071663
is09_all,depresyon_skoru,0.03762740017911044,5,442,/gpfs/projects/etur92/ozu150751/jad/shap_works/logs/is09_all_47071664.out,0d53a434116f0670b8415cd08eb617f53736988e,47071664
anx_mfcc_top5,anksiyete_skoru,0.024403245587681383,8,446,/gpfs/projects/etur92/ozu150751/jad/shap_works/logs/anxiety/anx_mfcc_top5_47074633.out,aa874c44fbda40d23d814aace74d2bf16ee0d222,47074633
anx_mfcc_top10,anksiyete_skoru,0.034008423553080314,4,394,/gpfs/projects/etur92/ozu150751/jad/shap_works/logs/anxiety/anx_mfcc_top10_47074634.out,aa874c44fbda40d23d814aace74d2bf16ee0d222,47074634
anx_mfcc_top15,anksiyete_skoru,0.02086987774678312,5,327,/gpfs/projects/etur92/ozu150751/jad/shap_works/logs/anxiety/anx_mfcc_top15_47074635.out,aa874c44fbda40d23d814aace74d2bf16ee0d222,47074635
anx_mfcc_all,anksiyete_skoru,0.0011529745759201388,4,355,/gpfs/projects/etur92/ozu150751/jad/shap_works/logs/anxiety/anx_mfcc_all_47074636.out,aa874c44fbda40d23d814aace74d2bf16ee0d222,47074636
anx_egemaps_top5,anksiyete_skoru,0.0027083765330258632,4,126,/gpfs/projects/etur92/ozu150751/jad/shap_works/logs/anxiety/anx_egemaps_top5_47074637.out,aa874c44fbda40d23d814aace74d2bf16ee0d222,47074637
anx_egemaps_top10,anksiyete_skoru,0.004479431560993886,9,451,/gpfs/projects/etur92/ozu150751/jad/shap_works/logs/anxiety/anx_egemaps_top10_47074638.out,aa874c44fbda40d23d814aace74d2bf16ee0d222,47074638
anx_egemaps_top15,anksiyete_skoru,0.005346666022880017,8,333,/gpfs/projects/etur92/ozu150751/jad/shap_works/logs/anxiety/anx_egemaps_top15_47074639.out,aa874c44fbda40d23d814aace74d2bf16ee0d222,47074639
anx_egemaps_all,anksiyete_skoru,0.0016984286313966568,12,108,/gpfs/projects/etur92/ozu150751/jad/shap_works/logs/anxiety/anx_egemaps_all_47074640.out,aa874c44fbda40d23d814aace74d2bf16ee0d222,47074640
anx_is09_top5,anksiyete_skoru,0.03965570071128664,9,169,/gpfs/projects/etur92/ozu150751/jad/shap_works/logs/anxiety/anx_is09_top5_47074641.out,aa874c44fbda40d23d814aace74d2bf16ee0d222,47074641
anx_is09_top10,anksiyete_skoru,0.005022356175900819,13,356,/gpfs/projects/etur92/ozu150751/jad/shap_works/logs/anxiety/anx_is09_top10_47074642.out,aa874c44fbda40d23d814aace74d2bf16ee0d222,47074642
anx_is09_top15,anksiyete_skoru,0.01572416514617204,14,268,/gpfs/projects/etur92/ozu150751/jad/shap_works/logs/anxiety/anx_is09_top15_47074643.out,aa874c44fbda40d23d814aace74d2bf16ee0d222,47074643
anx_is09_all,anksiyete_skoru,0.026085782567849387,7,454,/gpfs/projects/etur92/ozu150751/jad/shap_works/logs/anxiety/anx_is09_all_47074644.out,aa874c44fbda40d23d814aace74d2bf16ee0d222,47074644
