Özellik,Ayar,Depresyon RMSE,Depresyon MAE,Anksiyete RMSE,Anksiyete MAE
MFCC,Top-5,8.597578,6.803563,12.201292,9.974995
MFCC,Top-10,8.58638,6.83423,11.443274,9.445167
MFCC,Top-15,8.586748,6.860405,11.509491,9.648177
MFCC,All — 608 özellik,9.015621,7.168104,12.88608,10.844279
eGeMAPS,Top-5,8.845204,6.919378,12.634322,10.677772
eGeMAPS,Top-10,8.965235,6.952782,12.182909,10.218497
eGeMAPS,Top-15,8.686035,6.847817,12.057461,9.977361
eGeMAPS,All — 88 özellik,8.974057,7.170837,12.781753,10.786222
IS09,Top-5,8.778158,6.623919,12.165831,10.209367
IS09,Top-10,8.657496,6.411701,11.504268,9.387551
IS09,Top-15,8.261932,6.258124,11.76761,9.653496
IS09,All — 384 özellik,8.987308,7.027174,12.780862,10.477936
