group,target_column,importance_method,parameter_strategy,experiment_name,feature_type,top_k,setting,num_patients,patient_level_rmse,patient_level_mae,job_id,slurm_state,exit_code,source_commit,config_path,config_sha256,metrics_path,metrics_sha256,patient_results_path,patient_results_sha256,stdout,stderr,learning_rate,max_depth,n_estimators,reused_gain_all,recomputed_rmse_from_rounded_csv,recomputed_mae_from_rounded_csv,rmse_rounding_difference,mae_rounding_difference,feature_setting
gain_anksiyete,anksiyete_skoru,gain,optuna,anx_mfcc_top5,mfcc,5,TOP_5_FEATURES,120,12.201292,9.974995,47074633,COMPLETED,0:0,aa874c44fbda40d23d814aace74d2bf16ee0d222,/gpfs/projects/etur92/ozu150751/jad/shap_works/configs/anxiety/anx_mfcc_top5.json,300226a72341ffe9b8cecb7fc416ad66c785686e04e0359d37ba761bbdf4438e,/gpfs/projects/etur92/ozu150751/jad/shap_works/exp_models/anx_mfcc_top5/final_patient_level_rmse_mae.csv,25fb71b8c0632ae65d6cc8878b1572c14cabbf1f92ef3221e6bb644b59272aee,/gpfs/projects/etur92/ozu150751/jad/shap_works/exp_models/anx_mfcc_top5/enhanced_combined_standard_loo_TOP5_results.csv,aa20639f9165df91eae1f816989b7297f77986120f6b9941f3115d55d0bfb5f7,/gpfs/projects/etur92/ozu150751/jad/shap_works/logs/anxiety/anx_mfcc_top5_47074633.out,/gpfs/projects/etur92/ozu150751/jad/shap_works/logs/anxiety/anx_mfcc_top5_47074633.err,0.024403245587681383,8,446,False,12.201288785411155,9.97504166666667,3.214588845779076e-06,4.6666666669636925e-05,TOP_5
gain_anksiyete,anksiyete_skoru,gain,optuna,anx_mfcc_top10,mfcc,10,TOP_10_FEATURES,120,11.443274,9.445167,47074634,COMPLETED,0:0,aa874c44fbda40d23d814aace74d2bf16ee0d222,/gpfs/projects/etur92/ozu150751/jad/shap_works/configs/anxiety/anx_mfcc_top10.json,7cb491042cc5e39df4d8854dc95e5055cb57a8d26cb508e7ac9f0e740f113ca4,/gpfs/projects/etur92/ozu150751/jad/shap_works/exp_models/anx_mfcc_top10/final_patient_level_rmse_mae.csv,05121777c1ee120c1a025915d8889883a06c58647970151b3f747faabe691982,/gpfs/projects/etur92/ozu150751/jad/shap_works/exp_models/anx_mfcc_top10/enhanced_combined_standard_loo_TOP10_results.csv,20e5a95345c703bad62f145e019226b6c0274f64f55d6ae7a0ef10711c0c705e,/gpfs/projects/etur92/ozu150751/jad/shap_works/logs/anxiety/anx_mfcc_top10_47074634.out,/gpfs/projects/etur92/ozu150751/jad/shap_works/logs/anxiety/anx_mfcc_top10_47074634.err,0.034008423553080314,4,394,False,11.44329789549324,9.445191666666666,2.3895493239223242e-05,2.466666666656181e-05,TOP_10
gain_anksiyete,anksiyete_skoru,gain,optuna,anx_mfcc_top15,mfcc,15,TOP_15_FEATURES,120,11.509491,9.648177,47074635,COMPLETED,0:0,aa874c44fbda40d23d814aace74d2bf16ee0d222,/gpfs/projects/etur92/ozu150751/jad/shap_works/configs/anxiety/anx_mfcc_top15.json,be3eb248387ac8d6616b7994cbd7f6ebe7abe06ed1ae3a4c0ea3764b624d09e7,/gpfs/projects/etur92/ozu150751/jad/shap_works/exp_models/anx_mfcc_top15/final_patient_level_rmse_mae.csv,be19c195d93e4b8198a638cb7b1f83f159314a725197cee62f99c0520a39c1e0,/gpfs/projects/etur92/ozu150751/jad/shap_works/exp_models/anx_mfcc_top15/enhanced_combined_standard_loo_TOP15_results.csv,add7d6ceb041274f8325a9bce9d5a70458d52bfea12e89c00c78fd27821ae662,/gpfs/projects/etur92/ozu150751/jad/shap_works/logs/anxiety/anx_mfcc_top15_47074635.out,/gpfs/projects/etur92/ozu150751/jad/shap_works/logs/anxiety/anx_mfcc_top15_47074635.err,0.02086987774678312,5,327,False,11.50948950757591,9.648174999999997,1.4924240900882069e-06,2.0000000038322696e-06,TOP_15
gain_anksiyete,anksiyete_skoru,gain,optuna,anx_mfcc_all,mfcc,,ALL_FEATURES,120,12.88608,10.844279,47074636,COMPLETED,0:0,aa874c44fbda40d23d814aace74d2bf16ee0d222,/gpfs/projects/etur92/ozu150751/jad/shap_works/configs/anxiety/anx_mfcc_all.json,064b4e84f411970e92e9acef0bc2994f172ca2c60137510be57313b2a04c6387,/gpfs/projects/etur92/ozu150751/jad/shap_works/exp_models/anx_mfcc_all/final_patient_level_rmse_mae.csv,34bf9eb8d276546d45df3806756c1a8cd7805e5b573ea357e627d3ec948716e3,/gpfs/projects/etur92/ozu150751/jad/shap_works/exp_models/anx_mfcc_all/enhanced_combined_standard_loo_no_flag_results.csv,8c498a6b2f0c3822853d968718e1db93a36e096a38b203bf46a73b86c0518d76,/gpfs/projects/etur92/ozu150751/jad/shap_works/logs/anxiety/anx_mfcc_all_47074636.out,/gpfs/projects/etur92/ozu150751/jad/shap_works/logs/anxiety/anx_mfcc_all_47074636.err,0.0011529745759201388,4,355,False,12.886085575793244,10.844266666666668,5.575793244005922e-06,1.2333333332392726e-05,ALL
gain_anksiyete,anksiyete_skoru,gain,optuna,anx_egemaps_top5,egemaps,5,TOP_5_FEATURES,120,12.634322,10.677772,47074637,COMPLETED,0:0,aa874c44fbda40d23d814aace74d2bf16ee0d222,/gpfs/projects/etur92/ozu150751/jad/shap_works/configs/anxiety/anx_egemaps_top5.json,c9e49347f34c006f0328c0665ae2d84d943542287f01848bd0ade38f5c2fc459,/gpfs/projects/etur92/ozu150751/jad/shap_works/exp_models/anx_egemaps_top5/final_patient_level_rmse_mae.csv,48d4003cb73593c60a09d6695729f3d04a90dad359d772002ee2551c67fefef9,/gpfs/projects/etur92/ozu150751/jad/shap_works/exp_models/anx_egemaps_top5/enhanced_combined_standard_loo_TOP5_results.csv,312d954203d16ed4578da505e5939664aa094b10861ce1f3415fc6e4dacc5bb6,/gpfs/projects/etur92/ozu150751/jad/shap_works/logs/anxiety/anx_egemaps_top5_47074637.out,/gpfs/projects/etur92/ozu150751/jad/shap_works/logs/anxiety/anx_egemaps_top5_47074637.err,0.0027083765330258632,4,126,False,12.634329240868572,10.677766666666665,7.240868573177295e-06,5.333333334078816e-06,TOP_5
gain_anksiyete,anksiyete_skoru,gain,optuna,anx_egemaps_top10,egemaps,10,TOP_10_FEATURES,120,12.182909,10.218497,47074638,COMPLETED,0:0,aa874c44fbda40d23d814aace74d2bf16ee0d222,/gpfs/projects/etur92/ozu150751/jad/shap_works/configs/anxiety/anx_egemaps_top10.json,6ba415dba4b240a8c25a3fbe59dbb47519959ddb3e3669bca0cc2a49192a7166,/gpfs/projects/etur92/ozu150751/jad/shap_works/exp_models/anx_egemaps_top10/final_patient_level_rmse_mae.csv,f809d2418963b58969eb52a87483063533d634ec86668083dba0c1ed9eaf012f,/gpfs/projects/etur92/ozu150751/jad/shap_works/exp_models/anx_egemaps_top10/enhanced_combined_standard_loo_TOP10_results.csv,ac05576dd755ba849d01ec2a4875e0de3b51de9a5e1abf9b36eff7b26acc84d9,/gpfs/projects/etur92/ozu150751/jad/shap_works/logs/anxiety/anx_egemaps_top10_47074638.out,/gpfs/projects/etur92/ozu150751/jad/shap_works/logs/anxiety/anx_egemaps_top10_47074638.err,0.004479431560993886,9,451,False,12.182899929135647,10.21848333333334,9.070864352977992e-06,1.3666666658807003e-05,TOP_10
gain_anksiyete,anksiyete_skoru,gain,optuna,anx_egemaps_top15,egemaps,15,TOP_15_FEATURES,120,12.057461,9.977361,47074639,COMPLETED,0:0,aa874c44fbda40d23d814aace74d2bf16ee0d222,/gpfs/projects/etur92/ozu150751/jad/shap_works/configs/anxiety/anx_egemaps_top15.json,bc1f4baf52b474662b860f548af5226eaae40bbbadbefd8d77977d6f5dda8143,/gpfs/projects/etur92/ozu150751/jad/shap_works/exp_models/anx_egemaps_top15/final_patient_level_rmse_mae.csv,6f9db76166152b76482de70a6323150bbb9a7890d58c9e721c53ddd59adc9ee8,/gpfs/projects/etur92/ozu150751/jad/shap_works/exp_models/anx_egemaps_top15/enhanced_combined_standard_loo_TOP15_results.csv,8f7b674ccfaccfb5aaabe87f00391c542271f728626d50d7f81f8ae308505be4,/gpfs/projects/etur92/ozu150751/jad/shap_works/logs/anxiety/anx_egemaps_top15_47074639.out,/gpfs/projects/etur92/ozu150751/jad/shap_works/logs/anxiety/anx_egemaps_top15_47074639.err,0.005346666022880017,8,333,False,12.057489987555451,9.977383333333334,2.898755545110987e-05,2.2333333333790506e-05,TOP_15
gain_anksiyete,anksiyete_skoru,gain,optuna,anx_egemaps_all,egemaps,,ALL_FEATURES,120,12.781753,10.786222,47074640,COMPLETED,0:0,aa874c44fbda40d23d814aace74d2bf16ee0d222,/gpfs/projects/etur92/ozu150751/jad/shap_works/configs/anxiety/anx_egemaps_all.json,11d64207cd9861e2bb45f9c27abf1c0f4f10d8e230fa5da97fe49b2d546abba1,/gpfs/projects/etur92/ozu150751/jad/shap_works/exp_models/anx_egemaps_all/final_patient_level_rmse_mae.csv,ff28dece278560d436476ae949831b44ce220aaf119d5c0b764baa570539dec7,/gpfs/projects/etur92/ozu150751/jad/shap_works/exp_models/anx_egemaps_all/enhanced_combined_standard_loo_no_flag_results.csv,7e90dbafb0f75d78b02b86ef2d785a222585b8d9c4cb8901258a6921f45a42cf,/gpfs/projects/etur92/ozu150751/jad/shap_works/logs/anxiety/anx_egemaps_all_47074640.out,/gpfs/projects/etur92/ozu150751/jad/shap_works/logs/anxiety/anx_egemaps_all_47074640.err,0.0016984286313966568,12,108,False,12.78175995412995,10.786225000000002,6.95412994922151e-06,3.0000000013075123e-06,ALL
gain_anksiyete,anksiyete_skoru,gain,optuna,anx_is09_top5,is09,5,TOP_5_FEATURES,120,12.165831,10.209367,47074641,COMPLETED,0:0,aa874c44fbda40d23d814aace74d2bf16ee0d222,/gpfs/projects/etur92/ozu150751/jad/shap_works/configs/anxiety/anx_is09_top5.json,5e9094b4398daae066272fb2f8a9b4eda4aa2ca383c9a9fc7e5a82d602979da1,/gpfs/projects/etur92/ozu150751/jad/shap_works/exp_models/anx_is09_top5/final_patient_level_rmse_mae.csv,33ba980d619c85b3c8a58d59c10ad50de793f3bd92a126627fcaec3fce6d91a1,/gpfs/projects/etur92/ozu150751/jad/shap_works/exp_models/anx_is09_top5/enhanced_combined_standard_loo_TOP5_results.csv,1e5b7757972a70d124c96eb581b6ab3b750977c1f70e65d560176df3b505b05a,/gpfs/projects/etur92/ozu150751/jad/shap_works/logs/anxiety/anx_is09_top5_47074641.out,/gpfs/projects/etur92/ozu150751/jad/shap_works/logs/anxiety/anx_is09_top5_47074641.err,0.03965570071128664,9,169,False,12.165803106111273,10.209349999999999,2.7893888727703597e-05,1.7000000001488047e-05,TOP_5
gain_anksiyete,anksiyete_skoru,gain,optuna,anx_is09_top10,is09,10,TOP_10_FEATURES,120,11.504268,9.387551,47074642,COMPLETED,0:0,aa874c44fbda40d23d814aace74d2bf16ee0d222,/gpfs/projects/etur92/ozu150751/jad/shap_works/configs/anxiety/anx_is09_top10.json,f9471e91dd2a1770584839fbcdf27c921e40e28b75011eb4a1eed1bc6f09902e,/gpfs/projects/etur92/ozu150751/jad/shap_works/exp_models/anx_is09_top10/final_patient_level_rmse_mae.csv,020b398e5ff6a7bb9251fa03401932d531fc5bc31f51e3d47b7b65d4f7b201b9,/gpfs/projects/etur92/ozu150751/jad/shap_works/exp_models/anx_is09_top10/enhanced_combined_standard_loo_TOP10_results.csv,574edef1e79813a28514f5cb213706e8a54f81f15e2b307287ca4c0568fbf324,/gpfs/projects/etur92/ozu150751/jad/shap_works/logs/anxiety/anx_is09_top10_47074642.out,/gpfs/projects/etur92/ozu150751/jad/shap_works/logs/anxiety/anx_is09_top10_47074642.err,0.005022356175900819,13,356,False,11.504274569335811,9.387533333333336,6.569335811335009e-06,1.7666666664695185e-05,TOP_10
gain_anksiyete,anksiyete_skoru,gain,optuna,anx_is09_top15,is09,15,TOP_15_FEATURES,120,11.76761,9.653496,47074643,COMPLETED,0:0,aa874c44fbda40d23d814aace74d2bf16ee0d222,/gpfs/projects/etur92/ozu150751/jad/shap_works/configs/anxiety/anx_is09_top15.json,20e87d8280617b5a8e7f52b68fc439cec837587f2f982951b91e7652a22aa856,/gpfs/projects/etur92/ozu150751/jad/shap_works/exp_models/anx_is09_top15/final_patient_level_rmse_mae.csv,b2b4da538b55d7e332af5d5363855ff29c29ddab5b4e9c636ad3a3240dfe905b,/gpfs/projects/etur92/ozu150751/jad/shap_works/exp_models/anx_is09_top15/enhanced_combined_standard_loo_TOP15_results.csv,8d11357dd6e2932092be28974292d604f703ab01299946c68cdbdc048d0a37ba,/gpfs/projects/etur92/ozu150751/jad/shap_works/logs/anxiety/anx_is09_top15_47074643.out,/gpfs/projects/etur92/ozu150751/jad/shap_works/logs/anxiety/anx_is09_top15_47074643.err,0.01572416514617204,14,268,False,11.767591308334937,9.653500000000001,1.8691665061965068e-05,4.000000000559112e-06,TOP_15
gain_anksiyete,anksiyete_skoru,gain,optuna,anx_is09_all,is09,,ALL_FEATURES,120,12.780862,10.477936,47074644,COMPLETED,0:0,aa874c44fbda40d23d814aace74d2bf16ee0d222,/gpfs/projects/etur92/ozu150751/jad/shap_works/configs/anxiety/anx_is09_all.json,8e028a3e197ae5fe3c8cb439f3741f12decf7efe75e7a7ae5b006974ff289ea5,/gpfs/projects/etur92/ozu150751/jad/shap_works/exp_models/anx_is09_all/final_patient_level_rmse_mae.csv,b138fdeb5226ca0fe42e68c718c05a7ffeadf19d30fd8702b35a205f93a45d08,/gpfs/projects/etur92/ozu150751/jad/shap_works/exp_models/anx_is09_all/enhanced_combined_standard_loo_no_flag_results.csv,adf0dfdb914e885ed5b457cdda12788ba878d43a710c4c253736f727a9c88a93,/gpfs/projects/etur92/ozu150751/jad/shap_works/logs/anxiety/anx_is09_all_47074644.out,/gpfs/projects/etur92/ozu150751/jad/shap_works/logs/anxiety/anx_is09_all_47074644.err,0.026085782567849387,7,454,False,12.780879794312547,10.477966666666665,1.779431254611552e-05,3.066666666562412e-05,ALL
