target_column,feature_type,feature_setting,num_patients,gain_rmse,gain_mae,gain_job_id,shap_optuna_rmse,shap_optuna_mae,shap_optuna_job_id,shap_fixed_rmse,shap_fixed_mae,shap_fixed_job_id,shap_fixed_reuses_gain_all
depresyon_skoru,mfcc,TOP_5,120,8.597578,6.803563,47071651,8.543641,6.512273,47111490,8.575309,6.652127,47120612,False
depresyon_skoru,mfcc,TOP_10,120,8.58638,6.83423,47071654,8.165494,6.192285,47111491,8.31368,6.399749,47120613,False
depresyon_skoru,mfcc,TOP_15,120,8.586748,6.860405,47071655,8.237914,6.413873,47111492,8.421303,6.597339,47120614,False
depresyon_skoru,mfcc,ALL,120,9.015621,7.168104,47071656,9.061659,7.223879,47111493,9.015621,7.168104,47071656,True
depresyon_skoru,egemaps,TOP_5,120,8.845204,6.919378,47071657,8.879106,7.019725,47111494,8.910656,7.049036,47120615,False
depresyon_skoru,egemaps,TOP_10,120,8.965235,6.952782,47071658,8.751697,6.932361,47111495,8.97832,6.98307,47120616,False
depresyon_skoru,egemaps,TOP_15,120,8.686035,6.847817,47071659,8.695054,6.726873,47111496,8.923606,7.122469,47120617,False
depresyon_skoru,egemaps,ALL,120,8.974057,7.170837,47071660,9.02342,7.214349,47111497,8.974057,7.170837,47071660,True
depresyon_skoru,is09,TOP_5,120,8.778158,6.623919,47071661,8.539243,6.800146,47111498,9.207554,7.299392,47120618,False
depresyon_skoru,is09,TOP_10,120,8.657496,6.411701,47071662,8.531481,6.299143,47111499,8.489281,6.397468,47120619,False
depresyon_skoru,is09,TOP_15,120,8.261932,6.258124,47071663,8.193568,6.234583,47111500,8.286495,6.349198,47120620,False
depresyon_skoru,is09,ALL,120,8.987308,7.027174,47071664,8.887068,6.987276,47111501,8.987308,7.027174,47071664,True
anksiyete_skoru,mfcc,TOP_5,120,12.201292,9.974995,47074633,11.977049,9.694837,47113866,12.796282,10.592538,47120768,False
anksiyete_skoru,mfcc,TOP_10,120,11.443274,9.445167,47074634,12.026108,9.873145,47113868,12.285658,10.135291,47120769,False
anksiyete_skoru,mfcc,TOP_15,120,11.509491,9.648177,47074635,11.36421,9.480457,47113869,11.555031,9.657752,47120770,False
anksiyete_skoru,mfcc,ALL,120,12.88608,10.844279,47074636,12.867336,10.808969,47113870,12.88608,10.844279,47074636,True
anksiyete_skoru,egemaps,TOP_5,120,12.634322,10.677772,47074637,12.631325,10.507369,47113871,12.724428,10.819682,47120771,False
anksiyete_skoru,egemaps,TOP_10,120,12.182909,10.218497,47074638,12.207378,10.029528,47113872,12.881597,10.807865,47120772,False
anksiyete_skoru,egemaps,TOP_15,120,12.057461,9.977361,47074639,12.358009,10.221642,47113873,13.009508,10.905465,47120773,False
anksiyete_skoru,egemaps,ALL,120,12.781753,10.786222,47074640,12.787977,10.768649,47113874,12.781753,10.786222,47074640,True
anksiyete_skoru,is09,TOP_5,120,12.165831,10.209367,47074641,11.858381,9.558478,47113875,12.292914,10.207636,47120774,False
anksiyete_skoru,is09,TOP_10,120,11.504268,9.387551,47074642,11.526809,9.219047,47113876,12.126653,10.018999,47120775,False
anksiyete_skoru,is09,TOP_15,120,11.76761,9.653496,47074643,11.957703,9.751954,47113877,12.245189,10.049329,47120776,False
anksiyete_skoru,is09,ALL,120,12.780862,10.477936,47074644,12.669459,10.507483,47113878,12.780862,10.477936,47074644,True
